from,to
maud_marenati,PATRIOTOSORUS
DelinotLagr,PATRIOTOSORUS
cricriRC47,PATRIOTOSORUS
ManouchkaBreizh,PATRIOTOSORUS
JohSogos,PATRIOTOSORUS
Amcosam,lafontaine_lj
MFenNormandie,PATRIOTOSORUS
AvelMenhir,TontonFlingr
edna0077,TontonFlingr
MelivAudHoci,TontonFlingr
farniente161,PATRIOTOSORUS
buzzolive,TontonFlingr
MrWeedz1,TontonFlingr
ElianeDeloy,TontonFlingr
PSG__Suisse,TontonFlingr
BEZARD93845815,TontonFlingr
passant1,TontonFlingr
grandpajoe78,TontonFlingr
patrick_sportes,TontonFlingr
rififi06_2,TontonFlingr
samthesaint999,TontonFlingr
FabpiF,TontonFlingr
DouglasAllauch,TontonFlingr
ThomsonJoss,TontonFlingr
chantalcadot,TontonFlingr
paysagiste9mm,TontonFlingr
Fatiafaty34,TontonFlingr
louisjulia220,TontonFlingr
VandenbrouckeL1,TontonFlingr
jpserres,TontonFlingr
dupond_et,TontonFlingr
Robert55800,TontonFlingr
Loulali8,TontonFlingr
Delpech94,TontonFlingr
dourouze,TontonFlingr
PierreAndreani2,TontonFlingr
DTR947,TontonFlingr
PorcinetteLouis,TontonFlingr
holste_max,TontonFlingr
chez_bibi,TontonFlingr
ChrisDebien,TontonFlingr
monalemuria,TontonFlingr
RVBDR,TontonFlingr
ary_anna,lafontaine_lj
AndFranchini,lafontaine_lj
francescamir48,lafontaine_lj
eterea_naive,lafontaine_lj
